"bio5","bio6","bio12","bio29","bio30"
32.4214935302734,0.269591391086578,434.786682128906,2908.09741210938,1050.35705566406
